timestamp	task	arm	outcome	traces	archive
2026-08-23 15:11:05	P1	enforced	finished/EMPTY_VERDICT	ok(9)	/mnt/c/Users/cz776/Downloads/Runs/S2_pairs_enf_pro_arm2/P1_enforced-20260823-151102
2026-08-23 15:38:24	P2	enforced	TIMEOUT/pass	ok(9)	/mnt/c/Users/cz776/Downloads/Runs/S2_pairs_enf_pro_arm2/P2_enforced-20260823-153820
2026-08-23 16:05:44	P3	enforced	TIMEOUT/EMPTY_VERDICT	ok(9)	/mnt/c/Users/cz776/Downloads/Runs/S2_pairs_enf_pro_arm2/P3_enforced-20260823-160541
2026-08-23 16:19:41	P4	enforced	finished/EMPTY_VERDICT	ok(9)	/mnt/c/Users/cz776/Downloads/Runs/S2_pairs_enf_pro_arm2/P4_enforced-20260823-161938
2026-08-23 16:29:40	P5	enforced	finished/EMPTY_VERDICT	ok(9)	/mnt/c/Users/cz776/Downloads/Runs/S2_pairs_enf_pro_arm2/P5_enforced-20260823-162937
2026-08-23 16:44:56	P6	enforced	finished/EMPTY_VERDICT	ok(9)	/mnt/c/Users/cz776/Downloads/Runs/S2_pairs_enf_pro_arm2/P6_enforced-20260823-164453
2026-08-23 16:56:43	P7	enforced	finished/EMPTY_VERDICT	ok(9)	/mnt/c/Users/cz776/Downloads/Runs/S2_pairs_enf_pro_arm2/P7_enforced-20260823-165640
2026-08-23 17:15:11	P8	enforced	finished/pass	ok(9)	/mnt/c/Users/cz776/Downloads/Runs/S2_pairs_enf_pro_arm2/P8_enforced-20260823-171507
2026-08-23 17:42:29	P9	enforced	TIMEOUT/EMPTY_VERDICT	ok(9)	/mnt/c/Users/cz776/Downloads/Runs/S2_pairs_enf_pro_arm2/P9_enforced-20260823-174226
2026-08-23 18:03:29	P10	enforced	finished/pass	ok(9)	/mnt/c/Users/cz776/Downloads/Runs/S2_pairs_enf_pro_arm2/P10_enforced-20260823-180326
