timestamp	task	arm	outcome	archive
2026-08-08 13:18:48	P1	enforced	finished/NO_ATTESTATION	/mnt/c/Users/cz776/Downloads/Runs/S2_pairs_enf_pro/P1_enforced-20260808-131846
2026-08-08 13:27:03	P2	enforced	finished/pass	/mnt/c/Users/cz776/Downloads/Runs/S2_pairs_enf_pro/P2_enforced-20260808-132701
2026-08-08 13:46:22	P3	enforced	finished/EMPTY_VERDICT	/mnt/c/Users/cz776/Downloads/Runs/S2_pairs_enf_pro/P3_enforced-20260808-134613
2026-08-08 13:55:51	P4	enforced	finished/EMPTY_VERDICT	/mnt/c/Users/cz776/Downloads/Runs/S2_pairs_enf_pro/P4_enforced-20260808-135529
2026-08-08 14:05:04	P5	enforced	finished/pass	/mnt/c/Users/cz776/Downloads/Runs/S2_pairs_enf_pro/P5_enforced-20260808-140440
2026-08-08 14:32:41	P6	enforced	TIMEOUT/NO_ATTESTATION	/mnt/c/Users/cz776/Downloads/Runs/S2_pairs_enf_pro/P6_enforced-20260808-143229
2026-08-08 14:57:44	P7	enforced	finished/EMPTY_VERDICT	/mnt/c/Users/cz776/Downloads/Runs/S2_pairs_enf_pro/P7_enforced-20260808-145725
2026-08-08 15:13:15	P8	enforced	finished/pass	/mnt/c/Users/cz776/Downloads/Runs/S2_pairs_enf_pro/P8_enforced-20260808-151255
2026-08-08 15:39:58	P9	enforced	finished/EMPTY_VERDICT	/mnt/c/Users/cz776/Downloads/Runs/S2_pairs_enf_pro/P9_enforced-20260808-153955
2026-08-08 15:48:13	P10	enforced	finished/EMPTY_VERDICT	/mnt/c/Users/cz776/Downloads/Runs/S2_pairs_enf_pro/P10_enforced-20260808-154811
